"ID","length","close","lineage","cutoff","year","country"
"AB573763",0.0047629877,"AB573762","Asian SEA4_A1.1.2",0.0113440649,"2006","Japan"
"RADDL3-1045",0.0042971196,"RADDL1-16-166","Asian SEA4_A1.2.2",0.01385885324,"2015","Philippines"
"KF620487",0.0054100993,"MN857171","Asian_A1",0.03170072226,"2012","Taiwan"
"KF620488",0.0194734716,"KF620489","Asian_A1",0.03170072226,"2012","Taiwan"
"R7-21-161",0.0219315865,"R9-010","Asian SEA4_A1",0.0523420753,"2021","Philippines"
